{
        "enemySpawnLoc": [ 
            {"x": 979, "y": -150, "type": 0, "drop": 1},
            {"x": 1034, "y": -150, "type": 0, "drop": 0},
            {"x": 1060, "y": -150, "type": 1, "drop": 1},
            {"x": 1464, "y": -150, "type": 0, "drop": 0},
            {"x": 1465, "y": -150, "type": 0, "drop": 0},
            {"x": 1509, "y": -150, "type": 0, "drop": 0},
            {"x": 1530, "y": -150, "type": 1, "drop": 1},
            {"x": 1700, "y": -200, "type": 1, "drop": 1},
            {"x": 1939, "y": -150, "type": 0, "drop": 0},
            {"x": 2074, "y": -150, "type": 0, "drop": 0},
            {"x": 2084, "y": -150, "type": 1, "drop": 1},
            {"x": 2180, "y": -150, "type": 1, "drop": 0},
            {"x": -1, "y": -1, "type": -1, "drop": 0}
        ]
                        
}